{"f1-score-without-imbalance": 0.5718654434250764, "accuracy-without-imbalance": 0.8598598598598599, "f1-score-with-class-weights": 0.5560675883256528, "accuracy-with-class-weights": 0.8553553553553553, "f1-score-with-SMOTE": 0.6057298772169167, "accuracy-with-SMOTE": 0.8553553553553553}